# name|category|district|town|lat|lon|blurb|fun_fact|fun_facts|opening_hours|ticket_price|visit_minutes|links|source_url
# fun_facts — JSON-массив строк; links — JSON-массив {title,url}; source_url — стаб. ключ upsert'а.
# Часы работы и цены ориентировочные (2026), перед выходом проверяйте по ссылкам.
Лидский замок|замок|Лидский район|Лида|53.8845|25.2925|Каменный замок Гедимина (около 1323 г.) — лучше всего сохранившийся великокняжеский замок Беларуси, во дворе — музейные экспозиции.|Замок выдержал несколько осад крестоносцев, а в мирное время башни служили архивом и сокровищницей великих князей.|["Построен по приказу Гедимина около 1323 года","Выдержал осады тевтонцев XIV века","Внутренний двор — сцена рыцарских фестивалей"]|вт–вс 9:00–18:00, пн — выходной|≈8 BYN, детям — скидки|90|[{"title":"Лидский замок — Wikipedia","url":"https://ru.wikipedia.org/wiki/Лидский_замок"}]|region:lida-castle
Фарный костёл Воздвижения Святого Креста (Лида)|костёл|Лидский район|Лида|53.8833|25.2861|Готический храм 1384 года, основанный Витовтом, — старейшее сохранившееся здание города.|Храм стоит уже более 640 лет и помнит времена, когда Лида была пограничной крепостью Великого княжества Литовского.|[]|ежедневно 10:00–18:00|вход свободный (пожертвования)|30|[{"title":"Костёл Воздвижения Святого Креста — Wikipedia","url":"https://ru.wikipedia.org/wiki/Костёл_Воздвижения_Святого_Креста_(Лида)"}]|region:lida-farny-church
Лютеранская кирха (Лида)|храм|Лидский район|Лида|53.8861|25.2903|Кирха начала XX века в неоготическом стиле, памятник архитектуры.|Кирха пережила две мировые войны и смену конфессий: сегодня здание снова служит лютеранской общине.|[]|сб–вс 10:00–16:00 (по договорённости)|вход свободный|20|[{"title":"Лютеранская кирха (Лида) — Wikipedia","url":"https://ru.wikipedia.org/wiki/Лютеранская_кирха_(Лида)"}]|region:lida-lutheran-church
Синагога (Лида)|храм|Лидский район|Лида|53.8836|25.2884|Историческая синагога начала XX века — память о большой еврейской общине довоенной Лиды.|До Второй мировой войны евреи составляли около трети населения города: синагога была центром его общинной жизни.|[]|снаружи — в любое время|—|15|[{"title":"История евреев Лиды","url":"https://ru.wikipedia.org/wiki/Лида_(город)"}]|region:lida-synagogue
Новогрудский замок (руины)|замок|Новогрудский район|Новогрудок|53.6013|25.8278|Руины замка XII–XVI веков на Замковой горе — резиденция великих князей и место, где по преданию короновался Миндовг.|На этом холме, по преданию, состоялась коронация Миндовга — единственного короля в истории Великого княжества Литовского.|["Семь башен замка разрушены в войнах XVII–XVIII веков","Место коронации Миндовга по преданию"]|территория — ежедневно 9:00–21:00, башня — вт–вс 10:00–18:00|≈5 BYN|60|[{"title":"Новогрудский замок — Wikipedia","url":"https://ru.wikipedia.org/wiki/Новогрудский_замок"}]|region:novogrudok-castle
Фарный костёл Преображения Господня (Новогрудок)|костёл|Новогрудский район|Новогрудок|53.5959|25.8337|Готический храм XIV века, перестроенный в барочном стиле, — усыпальница новогрудских магнатов.|В костёле похоронен писатель и политик Юлиан Немцевич, а в подземельях сохранились склепы XVI–XVII веков.|[]|ежедневно 9:00–18:00|вход свободный|30|[{"title":"Фарный костёл (Новогрудок) — Wikipedia","url":"https://ru.wikipedia.org/wiki/Фарный_костёл_(Новогрудок)"}]|region:novogrudok-farny
Борисоглебская церковь (Новогрудок)|церковь|Новогрудский район|Новогрудок|53.5867|25.8453|Деревянная церковь XVI века с ярусной колокольней — образец белорусского деревянного зодчества.|Церковь стоит на месте храма XII века, о котором напоминает само название прихода.|[]|ежедневно 9:00–18:00|вход свободный|25|[{"title":"Борисоглебская церковь (Новогрудок) — Wikipedia","url":"https://ru.wikipedia.org/wiki/Борисоглебская_церковь_(Новогрудок)"}]|region:novogrudok-borisogleb
Дом-музей Адама Мицкевича (Новогрудок)|музей|Новогрудский район|Новогрудок|53.5980|25.8330|Музей в доме, связанном с детством и юностью великого поэта, с литературной экспозицией.|Мицкевич провёл в Новогрудке детство и юность, а его баллады о Свитязи родом из этих мест.|["Экспозиция включает прижизненные издания поэта"]|вт–вс 9:00–18:00|≈5 BYN|45|[{"title":"Дом-музей Адама Мицкевича","url":"https://ru.wikipedia.org/wiki/Новогрудок"}]|region:novogrudok-mickiewicz-museum
Курган Мицкевича (Новогрудок)|памятник|Новогрудский район|Новогрудок|53.5902|25.8377|Земляной курган, насыпанный в честь столетия поэта учениками новогрудских школ (1884–1895).|Курган насыпали вручную школьники «по ложке земли» в честь Адама Мицкевича — памятник народной инициативе.|[]|круглосуточно|—|20|[{"title":"Курган Мицкевича — Wikipedia","url":"https://ru.wikipedia.org/wiki/Курган_Мицкевича"}]|region:novogrudok-mickiewicz-mound
Озеро Свитязь|парк|Новогрудский район|Свитязь|53.4334|25.9167|Живописное озеро-памятник природы среди холмов, воспетое Мицкевичем в балладах.|По легенде, на месте озера стоял город, поглощённый водами за грехи жителей, — эту историю Мицкевич пересказал в балладе «Свитязь».|["Глубина озера — около 15 м, питается подземными источниками","Окрестные леса — заказник"]|круглосуточно|—|90|[{"title":"Свитязь (озеро) — Wikipedia","url":"https://ru.wikipedia.org/wiki/Свитязь_(озеро)"}]|region:svityaz-lake
Дворец Огинских (Слоним)|дворец|Слонимский район|Слоним|53.4580|25.2230|Резиденция гетмана Михаила Казимира Огинского — дворец XVIII века у реки Щары.|Хозяин замка держал при дворе собственную оперу и оркестр — Слоним конца XVIII века называли «северными Афинами».|["При дворе Огинского работали европейские музыканты","Сохранился парк у реки Щары"]|вт–вс 9:00–18:00 (экспозиция)|≈5 BYN|60|[{"title":"Дворец Огинских (Слоним) — Wikipedia","url":"https://ru.wikipedia.org/wiki/Дворец_Огинских_(Слоним)"}]|region:slonim-oginski-palace
Большая синагога (Слоним)|храм|Слонимский район|Слоним|53.4650|25.2300|Барочная синагога 1642 года — одна из крупнейших и красивейших в Беларуси.|В барочном фасаде прятали замурованные тайники с общинными ценностями; сегодня идёт медленная реставрация.|[]|снаружи — в любое время|—|20|[{"title":"Большая синагога (Слоним) — Wikipedia","url":"https://ru.wikipedia.org/wiki/Большая_синагога_(Слоним)"}]|region:slonim-synagogue
Костёл Непорочного Зачатия Девы Марии (Слоним)|костёл|Слонимский район|Слоним|53.4640|25.2285|Барочный храм бывшего бернардинского монастыря (1630–1640-е), доминанта старого Слонима.|Монастырь бернардинцев действовал более полутора веков, пока орден не упразднили после восстания 1832 года.|[]|ежедневно 9:00–18:00|вход свободный|25|[{"title":"Монастырь бернардинцев (Слоним) — Wikipedia","url":"https://ru.wikipedia.org/wiki/Монастырь_бернардинцев_(Слоним)"}]|region:slonim-bernardine
Волковысское городище (Замковая гора)|памятник|Волковыскский район|Волковыск|53.1448|24.4727|Городище XII века на высоком берегу реки Волковейки — сердце древнего Волковыска.|Вокруг этого холма Волковыск, упоминаемый с X века, рос как торговый город на пути «из варяг в греки».|[]|круглосуточно|—|30|[{"title":"Волковыск — Wikipedia","url":"https://ru.wikipedia.org/wiki/Волковыск"}]|region:volkovysk-gorodishche
Костёл Святого Михаила Архангела (Волковыск)|костёл|Волковыскский район|Волковыск|53.1370|24.4730|Готический храм 1524 года — старейшее здание города.|Костёл пережил кальвинистов, униатов и три войны, оставаясь главным храмом волковыскских католиков.|[]|ежедневно 9:00–18:00|вход свободный|25|[{"title":"Костёл Святого Михаила Архангела (Волковыск) — Wikipedia","url":"https://ru.wikipedia.org/wiki/Костёл_Святого_Михаила_Архангела_(Волковыск)"}]|region:volkovysk-st-michael
Волковысский краеведческий музей «Замчак»|музей|Волковыскский район|Волковыск|53.1430|24.4700|Музей на месте древнего городища с экспозицией от каменного века до Великой Отечественной войны.|В фондах музея — находки с раскопок самого городища, которому больше тысячи лет.|[]|вт–вс 9:00–17:00|≈4 BYN|45|[{"title":"Волковыскский музей","url":"https://ru.wikipedia.org/wiki/Волковыск"}]|region:volkovysk-museum
Сморгонская синагога|храм|Сморгонский район|Сморгонь|54.3107|26.3823|Историческая синагога (руинирована) — память о когда-то крупнейшей общине региона.|Сморгонь перед войной была по преимуществу еврейским местечком, а синагога — центром его жизни.|[]|снаружи — в любое время|—|15|[{"title":"Сморгонь — Wikipedia","url":"https://ru.wikipedia.org/wiki/Сморгонь"}]|region:smorgon-synagogue
Костёл Святого Михаила Архангела (Сморгонь)|костёл|Сморгонский район|Сморгонь|54.3115|26.3995|Неоготический храм начала XX века с подземным костёлом-усыпальницей.|Под храмом — редкий для Беларуси подземный костёл, где хоронили монахов-бернардинцев.|[]|ежедневно 9:00–18:00|вход свободный|25|[{"title":"Костёл Святого Михаила Архангела (Сморгонь) — Wikipedia","url":"https://ru.wikipedia.org/wiki/Костёл_Святого_Михаила_Архангела_(Сморгонь)"}]|region:smorgon-st-michael
Кревский замок (руины)|замок|Сморгонский район|Крево|54.6170|26.0330|Руины первой кирпичной крепости Великого княжества Литовского (XIV век).|Здесь в 1382 году был убит великий князь Кейстут — с Кревского замка фактически началась история династии Ягеллонов.|["Первая кирпичная крепость ВКЛ","Место гибели Кейстута в 1382 году","Через стены прошла Кревская уния 1385 года"]|территория — круглосуточно|—|45|[{"title":"Кревский замок — Wikipedia","url":"https://ru.wikipedia.org/wiki/Кревский_замок"}]|region:krevo-castle
Памятник сморгонским медведям|памятник|Сморгонский район|Сморгонь|54.3100|26.3930|Скульптурная композиция в память о знаменитой «Сморгонской академии» дрессировки медведей.|В XVII–XVIII веках сморгонские медведи с «академией» расходились по ярмаркам всей Речи Посполитой.|[]|круглосуточно|—|15|[{"title":"Сморгонская академия — Wikipedia","url":"https://ru.wikipedia.org/wiki/Сморгонская_академия"}]|region:smorgon-bears
Костёл Святого Андрея (Солы)|костёл|Сморгонский район|Солы|54.2830|26.4170|Неоготический костёл 1920-х годов — узнаваемая доминанта местечка на реке Чёрная Ганьча.|Строился в межвоенной Польше за деньги прихожан и пережил советскую эпоху складом.|[]|ежедневно 9:00–18:00|вход свободный|20|[{"title":"Солы (агрогородок) — Wikipedia","url":"https://ru.wikipedia.org/wiki/Солы_(агрогородок)"}]|region:soly-church
Гольшанский замок (руины)|замок|Ошмянский район|Гольшаны|54.4140|26.0220|Руины дворца-замка Сапег XVII века — место главной беларусской легенды о Чёрной даме.|По легенде, призрак Гольшанской замуровал жену в стенах и до сих пор бродит по залам в чёрном платье.|["Легенда о Чёрной даме — одна из самых известных в Беларуси","Реставрационные волонтёрские лагеря идут каждое лето"]|территория — вт–вс 10:00–18:00|≈4 BYN|60|[{"title":"Гольшанский замок — Wikipedia","url":"https://ru.wikipedia.org/wiki/Гольшанский_замок"}]|region:golshany-castle
Костёл Святого Иоанна Крестителя (Гольшаны)|костёл|Ошмянский район|Гольшаны|54.4090|26.0160|Каменный костёл начала XVII века с оборонительными чертами — усыпальница Гольшанских.|Под храмом — склепы рода Гольшанских, чей родовой герб высечен над входом.|[]|ежедневно 9:00–18:00|вход свободный|25|[{"title":"Гольшаны — Wikipedia","url":"https://ru.wikipedia.org/wiki/Гольшаны_(агрогородок)"}]|region:golshany-church
Костёл Святого Михаила Архангела (Ошмяны)|костёл|Ошмянский район|Ошмяны|54.2660|26.3130|Неоготический храм 1902–1906 годов с высокой двухбашенной башней над старой рыночной площадью.|Храм построен на средства прихожан всего за пять лет — к 1906-му.|[]|ежедневно 9:00–18:00|вход свободный|20|[{"title":"Ошмяны — Wikipedia","url":"https://ru.wikipedia.org/wiki/Ошмяны"}]|region:oshmyany-church
Борунский базилианский монастырь|монастырь|Ошмянский район|Боруны|54.3100|26.2500|Монастырский комплекс XVIII века с почитаемой Борунской иконой Божией Матери.|Рядом с монастырём католики и православные почитают один и тот же источник — редкий пример «двух конфессий у одной святыни».|[]|ежедневно 8:00–19:00|вход свободный|40|[{"title":"Борунский монастырь — Wikipedia","url":"https://ru.wikipedia.org/wiki/Борунский_монастырь"}]|region:boruny-monastery
Костёл Пресвятой Троицы (Гервяты)|костёл|Островецкий район|Гервяты|54.3520|26.0150|Неоготическая «белая стрелка» над Неманом — один из самых высоких костёлов Беларуси.|Костёл видно с окрестных холмов за много километров; внутри сохранился исторический орган.|[]|ежедневно 9:00–18:00|вход свободный|30|[{"title":"Костёл Пресвятой Троицы (Гервяты) — Wikipedia","url":"https://ru.wikipedia.org/wiki/Костёл_Пресвятой_Троицы_(Гервяты)"}]|region:gerviaty-church
Костёл Святых Козьмы и Дамиана (Островец)|костёл|Островецкий район|Островец|54.2830|26.0720|Неоготический храм 1912 года над центральной площадью Островца.|Островец — самый молодой райцентр области, и его храм моложе многих окрестных святынь.|[]|ежедневно 9:00–18:00|вход свободный|20|[{"title":"Островец (город) — Wikipedia","url":"https://ru.wikipedia.org/wiki/Островец_(город)"}]|region:ostrovets-church
Костёл Святого Михаила Архангела (Михалишки)|костёл|Островецкий район|Михалишки|54.4330|25.9670|Барочный монастырский храм XVII века над рекой Гавья.|Михалишский монастырь основали францисканцы; после его упразднения в храме остался пятиярусный барочный алтарь.|[]|ежедневно 9:00–18:00|вход свободный|25|[{"title":"Михалишки — Wikipedia","url":"https://ru.wikipedia.org/wiki/Михалишки"}]|region:mihalishki-church
Костёл Святых Апостолов Петра и Павла (Ивье)|костёл|Ивьевский район|Ивье|53.7150|25.5220|Барочный храм 1668 года — сердце старинного татарско-еврейского местечка.|Ивье веками было городом трёх общин: католической, православной и еврейской — и костёл соседствовал с мечетью и синагогой.|[]|ежедневно 9:00–18:00|вход свободный|25|[{"title":"Ивье — Wikipedia","url":"https://ru.wikipedia.org/wiki/Ивье"}]|region:ivye-church
Мечеть (Ивье)|храм|Ивьевский район|Ивье|53.7140|25.5100|Деревянная мечеть конца XIX века — свидетельство вековой татарской общины Ивье.|Татары служили в этих краях с времён Витовта: ивьевская мечеть — одна из старейших действующих в Беларуси.|[]|пятница, время джума-намаза|вход свободный|20|[{"title":"Мечеть (Ивье) — Wikipedia","url":"https://ru.wikipedia.org/wiki/Мечеть_(Ивье)"}]|region:ivye-mosque
Дворец Радзивиллов (Дятлово)|дворец|Дятловский район|Дятлово|53.5050|25.2880|Дворцово-парковый ансамбль XVIII века — «вотчина» Радзивиллов и Солтанов.|В 1794 году во дворце останавливался Тадеуш Костюшко; рядом — пейзажный парк с редкими деревьями.|["Дворец окружён пейзажным парком XVIII века"]|вт–вс 9:00–18:00|≈4 BYN|50|[{"title":"Дворец Радзивиллов (Дятлово) — Wikipedia","url":"https://ru.wikipedia.org/wiki/Дворец_Радзивиллов_(Дятлово)"}]|region:dyatlovo-palace
Костёл Успения Пресвятой Девы Марии (Дятлово)|костёл|Дятловский район|Дятлово|53.5030|25.2920|Барочный храм 1624–1646 годов с усыпальницей Радзивиллов.|Костёл основал канцлер Лев Сапега — один из творцов Статута ВКЛ.|[]|ежедневно 9:00–18:00|вход свободный|25|[{"title":"Дятлово — Wikipedia","url":"https://ru.wikipedia.org/wiki/Дятлово"}]|region:dyatlovo-church
Костёл Иоанна Крестителя (Мосты)|костёл|Мостовский район|Мосты|53.4160|24.5290|Неоготический храм конца XIX века над Неманом — символ Мостов.|Храм выстоял в Первую мировую и был возвращён общине в 1990-е почти без потерь.|[]|ежедневно 9:00–18:00|вход свободный|20|[{"title":"Мосты (город) — Wikipedia","url":"https://ru.wikipedia.org/wiki/Мосты_(город)"}]|region:mosty-church
Костёл Пресвятой Троицы (Щучин)|костёл|Щучинский район|Щучин|53.6140|24.7380|Барочный храм XVIII века при бывшем монастыре пиаров.|При костёле работал коллегиум пиаров — Щучин был маленьким «университетским» городком Речи Посполитой.|[]|ежедневно 9:00–18:00|вход свободный|25|[{"title":"Щучин (Гродненская область) — Wikipedia","url":"https://ru.wikipedia.org/wiki/Щучин_(Гродненская_область)"}]|region:shchuchin-church
Костёл Иоанна Крестителя (Василишки)|костёл|Щучинский район|Василишки|53.5470|24.7420|Храм XVIII века в старинном местечке Василишки.|Василишки дважды получали Магдебургское право, а их храм помнят и униаты, и монахи-миссионеры.|[]|ежедневно 9:00–18:00|вход свободный|20|[{"title":"Василишки — Wikipedia","url":"https://ru.wikipedia.org/wiki/Василишки"}]|region:vasilishki-church
Костёл Пресвятой Девы Марии (Большая Берестовица)|костёл|Берестовицкий район|Большая Берестовица|53.1010|24.2050|Каменный храм XVI века в агрогородке, основанном как частновладельческое местечко.|Храм пережил четыре столетия и до сих пор обслуживает один из старейших католических приходов региона.|[]|ежедневно 9:00–18:00|вход свободный|20|[{"title":"Большая Берестовица — Wikipedia","url":"https://ru.wikipedia.org/wiki/Большая_Берестовица"}]|region:berestovitsa-church
Костёл Пресвятой Троицы (Свислочь)|костёл|Свислочский район|Свислочь|53.5110|24.3450|Храм XIX века над старой рыночной площадью местечка Свислочь.|В Свислочской гимназии XIX века учились будущие повстанцы и писатели; костёл помнит эпоху расцвета местечка.|[]|ежедневно 9:00–18:00|вход свободный|20|[{"title":"Свислочь (Гродненская область) — Wikipedia","url":"https://ru.wikipedia.org/wiki/Свислочь_(Гродненская_область)"}]|region:svislach-church
Мирский замок|замок|Кореличский район|Мир|53.4517|26.4736|Замок-дворец XVI–XVII веков, объект Всемирного наследия ЮНЕСКО — четыре века архитектуры в одной крепости.|В 2000 году замок внесён в список ЮНЕСКО, а сегодня он окружён восстановленным «итальянским садом».|["Объект ЮНЕСКО с 2000 года","Сочетание готики, ренессанса и барокко","Реставрация длилась почти 30 лет"]|вт–вс 9:00–18:00 (окт–мар до 17:00)|≈20 BYN, детям — скидки|120|[{"title":"Мирский замок — официальный сайт","url":"https://mirzamak.by/"},{"title":"Мирский замок — Wikipedia","url":"https://ru.wikipedia.org/wiki/Мирский_замок"}]|region:mir-castle
Костёл Святого Николая (Мир)|костёл|Кореличский район|Мир|53.4570|26.4710|Готический храм 1599–1605 годов с ренессансной оградой и усыпальницей владельцев замка.|В подземелье костёла — склеп с саркофагами Радзивиллов и Ильиничей.|[]|ежедневно 9:00–18:00|вход свободный|30|[{"title":"Костёл Святого Николая (Мир) — Wikipedia","url":"https://ru.wikipedia.org/wiki/Костёл_Святого_Николая_(Мир)"}]|region:mir-st-nicholas
Любчанский замок|замок|Кореличский район|Любча|53.7521858|26.0692601|Замок ВКЛ XVI века на Немане, который реставрируют волонтёры.|Замок спасают без больших бюджетов — энтузиасты сами ведут кладку и проводят фестивали; главную башню уже восстановили.|["Волонтёрская реставрация с 2010-х","Вид на Неман с башни"]|территория — ежедневно 10:00–19:00, экскурсии по расписанию|≈4 BYN (экскурсия — договорная)|60|[{"title":"Любчанский замок — Wikipedia","url":"https://ru.wikipedia.org/wiki/Любчанский_замок"}]|region:lyubcha-castle
Костёл Пресвятой Троицы (Зельва)|костёл|Зельвенский район|Зельва|53.2130|24.8540|Каменный храм XVIII века в местечке у реки Зельвянки.|В Зельве проходили крупнейшие в Речи Посполитой ярмарки — «зельвенские контракты», куда съезжались купцы со всей Европы.|[]|ежедневно 9:00–18:00|вход свободный|20|[{"title":"Зельва (Гродненская область) — Wikipedia","url":"https://ru.wikipedia.org/wiki/Зельва_(Гродненская_область)"}]|region:zelva-church
Сынковичская церковь|церковь|Зельвенский район|Сынковичи|53.7130|24.7620|Оборонительный храм XV века — готическая «крепость-церковь» с бойницами и машинкулями.|Один из четырёх оборонительных храмов Беларуси: стены толщиной почти два метра прятали и прихожан, и гарнизон.|[]|ежедневно 9:00–18:00|вход свободный|30|[{"title":"Сынковичская церковь — Wikipedia","url":"https://ru.wikipedia.org/wiki/Сынковичская_церковь"}]|region:synkovychi-church
Августовский канал: шлюз Нёмново|инфраструктура|Гродненский район|Нёмново|53.6820|23.6520|Действующий шлюз канала 1824–1839 годов у самой границы с Польшей — гидротехнический памятник.|Августовский канал соединяет Неман с Балтикой через Вислу; шлюзы до сих пор открывают вручную.|[]|круглосуточно (набережная)|проход шлюза судном — по тарифам марины|40|[{"title":"Августовский канал — Wikipedia","url":"https://ru.wikipedia.org/wiki/Августовский_канал"}]|region:augustow-canal-nemnovo
Августовский канал: шлюз Домбровка|инфраструктура|Гродненский район|Домбровка|53.6286|23.7236|Камерный шлюз канала посреди леса — любимая точка веломаршрутов по Приграничью.|Домбровка — самая «лесная» точка белорусского участка канала: вокруг пуща и старицы Немана.|[]|круглосуточно|—|30|[{"title":"Августовский канал — Wikipedia","url":"https://ru.wikipedia.org/wiki/Августовский_канал"}]|region:augustow-canal-dombrowka
Церковь Святых Апостолов Петра и Павла (Сопоцкин)|церковь|Гродненский район|Сопоцкин|53.8312340|23.6559560|Деревянная церковь XIX века в сакральном центре Сопоцкинщины.|Сопоцкин и окрестности — микрозаповедник сакральной архитектуры: за один день здесь можно обойти храмы трёх конфессий.|[]|ежедневно 9:00–18:00|вход свободный|20|[{"title":"Сопоцкин — Wikipedia","url":"https://ru.wikipedia.org/wiki/Сопоцкин"}]|region:sopotskin-church
Кальвинистский сбор (Радунь)|храм|Вороновский район|Радунь|54.0527472|24.9977637|Каменный кальвинистский храм XVI века — один из старейших реформатских в Беларуси.|Сбор строился для общины радунских реформатов и пережил смену нескольких конфессий.|[]|снаружи — в любое время|—|20|[{"title":"Радунь (городской посёлок) — Wikipedia","url":"https://ru.wikipedia.org/wiki/Радунь_(городской_посёлок)"}]|region:radun-calvin
Костёл Святых Апостолов Петра и Павла (Жирмуны)|костёл|Вороновский район|Жирмуны|54.020683|25.220817|Барочный храм XVII века, построенный магнатами, владевшими Жирмунами.|Под алтарём — склепы жертвователей храма: жирмунский приход — один из старейших в Вороновщине.|[]|ежедневно 9:00–18:00|вход свободный|20|[{"title":"Жирмуны (агрогородок) — Wikipedia","url":"https://ru.wikipedia.org/wiki/Жирмуны_(агрогородок)"}]|region:zhirmuny-church
Костёл Пресвятой Троицы (Вороново)|костёл|Вороновский район|Вороново|54.1330|25.0660|Храм конца XIX века в райцентре у самой литовской границы.|Вороновщина — окраина трёх культур: рядом с костёлами соседствуют мечети и старые еврейские дома.|[]|ежедневно 9:00–18:00|вход свободный|20|[{"title":"Вороново (Гродненская область) — Wikipedia","url":"https://ru.wikipedia.org/wiki/Вороново_(Гродненская_область)"}]|region:voronovo-church
