# id|normalized_name|category|blurb
57|Архиерейское подворье (дворец Валицкого)|дворец|Образец классицизма XVIII века на площади Тызенгауза.
58|Мариинская женская гимназия|архитектура|Трехэтажный неоклассицизм 1893 года из желтого кирпича.
59|Корчма экономии|архитектура|Конец XVIII века, один из ранних образцов классицизма в городе.
60|Здание доминиканской школы|архитектура|Корпус монастыря доминиканцев 1789 года - позднее барокко и классицизм.
61|Аптека-музей|музей|Старейшая аптека Беларуси в здании стиля барокко.
62|Здание молитвенной школы Хаем Адам|храм|Здание, где учился еврейский литератор Лейб Найдус.
63|Молитвенный дом Левинсона|храм|Каменный молитвенный дом 1890 года рядом с Хоральной синагогой.
64|Борисо-Глебская Коложская церковь|церковь|Уникальный памятник XII века гродненской архитектурной школы.
65|Здание окружной лечебницы|архитектура|Конец XVIII века в районе бывшей деревни Городница.
66|Здание поземельно-крестьянского банка|архитектура|Образец стиля модерн 1909-1913 годов.
67|Здание синагоги на Социалистической|храм|Эклектичная синагога 1912 года.
68|Дворец Огинских|дворец|Величественная аристократическая резиденция XVI-XVII веков.
69|Католическая часовня Святейшего Спасителя|костёл|Часовня 1822 года: классицизм с элементами модерна.
70|Доходный дом|архитектура|Образец модерна 1909 года.
71|Дом вице-администратора|архитектура|Памятник XVIII века и часть ансамбля Городницы Тызенгауза.
72|Дом офицеров|архитектура|Первый в Гродно образец конструктивизма (1924-1926).
73|Дом купца Крейцера|архитектура|Жилой дом начала XX века купца Владимира Крейцера.
74|Дом купца Муравьева|архитектура|Эклектичный доходный дом конца XIX века, напоминает хоральную синагогу.
75|Здание еврейской больницы|архитектура|Дом 1908 года, позже приют для пожилых.
76|Дом Масальских|архитектура|Жилой дом 1750 года в стиле раннего классицизма.
77|Дом купцов Касовских|архитектура|Типичный модерн 1912 года.
78|Дом-музей Максима Богдановича|музей|Дом 1880-х, где жил классик белорусской литературы.
79|Дом-музей Элизы Ожешко|музей|Воссозданная копия дома писательницы.
80|Дом мастера|архитектура|Малометражный дом XVIII века с фигурным фронтоном.
81|Дом врача Тальгейма|архитектура|Дом известного гродненского врача XVIII века.
82|Дворец Хрептовичей|дворец|Дворец 1742-1752 годов, позже принадлежал Тызенгаузу.
83|Дворец Баториевка|дворец|По преданию - резиденция короля Стефана Батория.
84|Домовая церковь Коложской иконы Божией Матери|церковь|Домовый храм 2012 года при архиерейском подворье.
85|Дворец вице-губернатора|дворец|Дворец 1803 года в стиле классицизма.
86|Дворец культуры текстильщиков|архитектура|Образец неоклассицизма советского периода (1959).
87|Дворец Масальских|дворец|Поздний классицизм середины XVIII века.
88|Еврейское кладбище|кладбище|Историческое кладбище XVIII века.
89|Махорочная фабрика Шерешевского и Русоты|архитектура|Промышленное здание середины XIX века.
90|Памятный знак на месте Фары Витовта|памятник|Две части разломанной гранитной арки (2014).
91|Гродненские некрополи|кладбище|Католическое, православное и военное кладбища XIX-XX веков.
92|Галерея Гришук Арсенал|музей|Художественная галерея почетного гражданина Гродно.
93|Гродненская католическая епархия|архитектура|Часть бывшего иезуитского коллегиума XVII-XVIII веков.
94|Музей истории религии|музей|Единственный в Беларуси музей такого профиля.
95|Гродненский драматический театр|архитектура|Один из лучших образцов модерна в Восточной Европе (1984).
96|Гродненский театр кукол|архитектура|Здание XVIII века по инициативе Тызенгауза, старейший театр Беларуси.
97|Старый замок|замок|Крепость XIV века, бывшая резиденция Стефана Батория.
98|Новый замок|замок|Рококо XVIII века, резиденция королей Речи Посполитой.
99|Гродненский зоопарк|парк|Старейший зоопарк Беларуси, основан в 1927 году.
100|Кафедральный костёл Святого Франциска Ксаверия|костёл|Уникальный памятник барокко XVIII века, визитная карточка Гродно.
101|Главная хоральная синагога|храм|Большая синагога в мавританском стиле начала XX века.
102|Католическая каплица имения Понемунь|костёл|Неоготическая каплица второй половины XIX века.
103|Кинотеатр Красная звезда|архитектура|Первый типовой кинотеатр Гродно, эклектика.
104|Костёл и монастырь францисканцев|монастырь|Костёл и монастырь XVII века.
105|Костёл и монастырь бригиток|монастырь|Благовещенский костёл и монастырь Святой Бригитты, барокко (XVII в.).
106|Королевская резиденция Станиславово|усадьба|Загородная резиденция короля Понятовского, проект Джузеппе Сакко.
107|Костёл Обретения Святого Креста и монастырь бернардинцев|костёл|Готика, ренессанс, барокко и рококо в одном ансамбле.
108|Костёл Пресвятой Девы Марии Милосердия|костёл|Неоклассицизм XIX века.
109|Кривая официна (музыкальная школа)|архитектура|Здание 1780 года на переходе от барокко к классицизму.
110|Лямус|архитектура|Образец народного зодчества XVIII века.
111|Дом масонов|архитектура|Дом 1780-х архитектора Джузеппе Сакко.
112|Лютеранская кирха|храм|Неоготика начала XX века.
113|Могила врача Тальгейма|памятник|Историческая могила на католическом кладбище.
114|Монастырь иезуитов|монастырь|Крупнейший иезуитский монастырь Речи Посполитой (XVII-XVIII вв.).
115|Монастырь Рождества Богородицы|монастырь|Барочный монастырь XVIII века.
116|Памятная композиция Белые росы|памятник|Композиция в честь фильма, открыта в 2018 году в Девятовке.
117|Памятник Адаму Мицкевичу|памятник|Символ культурных связей Беларуси и Польши (1998).
118|Парк имени Жилибера|парк|Бывший ботанический сад, заложен в 1775 году.
119|Окружной суд|архитектура|Здание 1884 года в стиле модерн.
120|Пожарная каланча|архитектура|Памятник промышленной архитектуры начала XX века.
121|Приусадебная часовня-ротонда|костёл|Малая часовня 1820-х, переход от барокко к классицизму.
122|Резиденция Понятовского (загородная)|усадьба|Загородная резиденция 1771 года в стиле классицизма.
123|Церковь князя Владимира|церковь|Храм 1896 года в ретроспективно-русском стиле.
124|Старый мост|инфраструктура|Мост 1908 года длиной 194 м через Неман.
125|Стадион Неман|инфраструктура|Домашняя арена ФК Неман, построена в 1962 году.
126|Свято-Покровский кафедральный собор|церковь|Православный собор начала XX века.
127|Церковь Собора Всех Белорусских Святых|церковь|Храм 2011 года в ретроспективно-русском стиле.
128|Церковь Святой Марфы|церковь|Храм 1848 года в ретроспективно-русском стиле.
129|Здание монастыря доминиканцев|архитектура|Здание 1753 года вдоль улицы Виленской.
130|Здание Горисполкома|архитектура|Образец советского модернизма (1985).
131|Дворец Четвертинских (медакадемия)|дворец|Позднее барокко 1770-х, проект Джузеппе Сакко.
132|Водонапорные башни Кася и Бася|инфраструктура|Промышленная архитектура 1877 года, символ Гродно.
